{"cameraMode":{"drawMode":0,"name":"Shaded","section":"Shading Mode"},"sceneLighting":false,"audioPlay":false,"sceneViewState":{"showFog":true,"showMaterialUpdate":false,"showSkybox":false,"showFlares":true,"showImageEffects":true,"showParticleSystems":true,"showVisualEffectGraphs":true,"m_FxEnabled":true},"in2DMode":false,"pivot":{"x":0.01919514499604702,"y":0.05359645560383797,"z":-0.3206360638141632},"rotation":{"x":0.10032786428928375,"y":0.009856476448476315,"z":0.001001722295768559,"w":-0.9949200749397278},"size":0.026457786560058595,"orthographic":false}