{"cameraMode":{"drawMode":0,"name":"Shaded","section":"Shading Mode"},"sceneLighting":false,"audioPlay":false,"sceneViewState":{"showFog":true,"showMaterialUpdate":false,"showSkybox":false,"showFlares":true,"showImageEffects":true,"showParticleSystems":true,"showVisualEffectGraphs":true,"m_FxEnabled":true},"in2DMode":false,"pivot":{"x":7.450580596923828e-8,"y":0.07165923714637757,"z":1.409999966621399},"rotation":{"x":0.046939555555582049,"y":-0.9530394673347473,"z":0.2136174440383911,"w":0.2094161957502365},"size":0.2645779252052307,"orthographic":false}