{"cameraMode":{"drawMode":0,"name":"Shaded","section":"Shading Mode"},"sceneLighting":false,"audioPlay":false,"sceneViewState":{"showFog":true,"showMaterialUpdate":false,"showSkybox":false,"showFlares":true,"showImageEffects":true,"showParticleSystems":true,"showVisualEffectGraphs":true,"m_FxEnabled":true},"in2DMode":false,"pivot":{"x":-0.06622269004583359,"y":0.05281896889209747,"z":0.3183884918689728},"rotation":{"x":0.10029058903455734,"y":-0.028352491557598115,"z":0.0028612366877496244,"w":0.9945570826530457},"size":0.2586507201194763,"orthographic":false}