{"cameraMode":{"drawMode":0,"name":"Shaded","section":"Shading Mode"},"sceneLighting":false,"audioPlay":false,"sceneViewState":{"showFog":true,"showMaterialUpdate":false,"showSkybox":false,"showFlares":true,"showImageEffects":true,"showParticleSystems":true,"showVisualEffectGraphs":true,"m_FxEnabled":true},"in2DMode":false,"pivot":{"x":0.10306847095489502,"y":1.2305041551589966,"z":3.340383768081665},"rotation":{"x":-0.034298188984394076,"y":0.10623646527528763,"z":0.00366938766092062,"w":0.9937541484832764},"size":2.832960367202759,"orthographic":false}