{"cameraMode":{"drawMode":0,"name":"Shaded","section":"Shading Mode"},"sceneLighting":false,"audioPlay":false,"sceneViewState":{"showFog":true,"showMaterialUpdate":false,"showSkybox":false,"showFlares":true,"showImageEffects":true,"showParticleSystems":true,"showVisualEffectGraphs":true,"m_FxEnabled":true},"in2DMode":false,"pivot":{"x":-1.0826555490493775,"y":0.25211527943611147,"z":-1.7465652227401734},"rotation":{"x":-0.14319628477096559,"y":-0.09131257981061936,"z":0.013268900103867054,"w":-0.9853870868682861},"size":1.2932536602020264,"orthographic":false}