{"cameraMode":{"drawMode":0,"name":"Shaded","section":"Shading Mode"},"sceneLighting":false,"audioPlay":false,"sceneViewState":{"showFog":true,"showMaterialUpdate":false,"showSkybox":false,"showFlares":true,"showImageEffects":true,"showParticleSystems":true,"showVisualEffectGraphs":true,"m_FxEnabled":true},"in2DMode":false,"pivot":{"x":2.9802322387695315e-8,"y":1.043081283569336e-7,"z":0.6393404006958008},"rotation":{"x":0.02930324524641037,"y":-0.9558089375495911,"z":0.10218048840761185,"w":0.2741183638572693},"size":0.2586507201194763,"orthographic":false}