{"cameraMode":{"drawMode":0,"name":"Shaded","section":"Shading Mode"},"sceneLighting":false,"audioPlay":false,"sceneViewState":{"showFog":true,"showMaterialUpdate":false,"showSkybox":false,"showFlares":true,"showImageEffects":true,"showParticleSystems":true,"showVisualEffectGraphs":true,"m_FxEnabled":true},"in2DMode":false,"pivot":{"x":0.0002817511558532715,"y":0.5772993564605713,"z":2.384185791015625e-7},"rotation":{"x":0.01363210380077362,"y":-0.8446783423423767,"z":0.021545402705669404,"w":0.5346415638923645},"size":2.1648027896881105,"orthographic":false}